-- phpMyAdmin SQL Dump
-- version 4.8.5
-- https://www.phpmyadmin.net/
--
-- Hôte : 127.0.0.1:3306
-- Généré le :  jeu. 28 mai 2020 à 11:11
-- Version du serveur :  5.7.26
-- Version de PHP :  7.2.18

SET SQL_MODE = "NO_AUTO_VALUE_ON_ZERO";
SET AUTOCOMMIT = 0;
START TRANSACTION;
SET time_zone = "+00:00";


/*!40101 SET @OLD_CHARACTER_SET_CLIENT=@@CHARACTER_SET_CLIENT */;
/*!40101 SET @OLD_CHARACTER_SET_RESULTS=@@CHARACTER_SET_RESULTS */;
/*!40101 SET @OLD_COLLATION_CONNECTION=@@COLLATION_CONNECTION */;
/*!40101 SET NAMES utf8mb4 */;

--
-- Base de données :  `edt`
--

-- --------------------------------------------------------

--
-- Structure de la table `cours`
--

DROP TABLE IF EXISTS `cours`;
CREATE TABLE IF NOT EXISTS `cours` (
  `ID` int(11) NOT NULL AUTO_INCREMENT,
  `NOM` text NOT NULL,
  PRIMARY KEY (`ID`)
) ENGINE=MyISAM AUTO_INCREMENT=4 DEFAULT CHARSET=latin1;

--
-- Déchargement des données de la table `cours`
--

INSERT INTO `cours` (`ID`, `NOM`) VALUES
(1, 'Mathematiques'),
(2, 'Physique\r\n'),
(3, 'Electronique');

-- --------------------------------------------------------

--
-- Structure de la table `enseignant`
--

DROP TABLE IF EXISTS `enseignant`;
CREATE TABLE IF NOT EXISTS `enseignant` (
  `ID_UTILISATEUR` int(11) NOT NULL,
  `ID_COURS` int(11) NOT NULL,
  PRIMARY KEY (`ID_UTILISATEUR`,`ID_COURS`)
) ENGINE=MyISAM DEFAULT CHARSET=latin1;

--
-- Déchargement des données de la table `enseignant`
--

INSERT INTO `enseignant` (`ID_UTILISATEUR`, `ID_COURS`) VALUES
(2, 1),
(3, 2);

-- --------------------------------------------------------

--
-- Structure de la table `etudiant`
--

DROP TABLE IF EXISTS `etudiant`;
CREATE TABLE IF NOT EXISTS `etudiant` (
  `ID_UTILISATEUR` int(11) NOT NULL,
  `NUMERO` text NOT NULL,
  `ID_GROUPE` int(11) NOT NULL
) ENGINE=MyISAM DEFAULT CHARSET=latin1;

--
-- Déchargement des données de la table `etudiant`
--

INSERT INTO `etudiant` (`ID_UTILISATEUR`, `NUMERO`, `ID_GROUPE`) VALUES
(1, '15326', 1);

-- --------------------------------------------------------

--
-- Structure de la table `groupe`
--

DROP TABLE IF EXISTS `groupe`;
CREATE TABLE IF NOT EXISTS `groupe` (
  `ID` int(11) NOT NULL AUTO_INCREMENT,
  `NOM` text NOT NULL,
  `ID_PROMOTION` int(11) NOT NULL,
  PRIMARY KEY (`ID`)
) ENGINE=MyISAM AUTO_INCREMENT=2 DEFAULT CHARSET=latin1;

--
-- Déchargement des données de la table `groupe`
--

INSERT INTO `groupe` (`ID`, `NOM`, `ID_PROMOTION`) VALUES
(1, 'TD 1', 1);

-- --------------------------------------------------------

--
-- Structure de la table `promotion`
--

DROP TABLE IF EXISTS `promotion`;
CREATE TABLE IF NOT EXISTS `promotion` (
  `ID` int(11) NOT NULL AUTO_INCREMENT,
  `NOM` text NOT NULL,
  PRIMARY KEY (`ID`)
) ENGINE=MyISAM AUTO_INCREMENT=2 DEFAULT CHARSET=latin1;

--
-- Déchargement des données de la table `promotion`
--

INSERT INTO `promotion` (`ID`, `NOM`) VALUES
(1, 'Promo 2022');

-- --------------------------------------------------------

--
-- Structure de la table `salle`
--

DROP TABLE IF EXISTS `salle`;
CREATE TABLE IF NOT EXISTS `salle` (
  `ID` int(11) NOT NULL AUTO_INCREMENT,
  `NOM` text NOT NULL,
  `CAPACITE` int(11) NOT NULL,
  `ID_SITE` int(11) NOT NULL,
  PRIMARY KEY (`ID`)
) ENGINE=MyISAM AUTO_INCREMENT=2 DEFAULT CHARSET=latin1;

--
-- Déchargement des données de la table `salle`
--

INSERT INTO `salle` (`ID`, `NOM`, `CAPACITE`, `ID_SITE`) VALUES
(1, 'Salle 201', 150, 1);

-- --------------------------------------------------------

--
-- Structure de la table `seance`
--

DROP TABLE IF EXISTS `seance`;
CREATE TABLE IF NOT EXISTS `seance` (
  `ID` int(11) NOT NULL AUTO_INCREMENT,
  `SEMAINE` int(11) NOT NULL,
  `DATE` date NOT NULL,
  `HEURE_DEBUT` datetime NOT NULL,
  `HEURE_FIN` datetime NOT NULL,
  `ETAT` int(11) NOT NULL,
  `ID_COURS` int(11) NOT NULL,
  `ID_TYPE` int(11) NOT NULL,
  PRIMARY KEY (`ID`)
) ENGINE=MyISAM AUTO_INCREMENT=3 DEFAULT CHARSET=latin1;

--
-- Déchargement des données de la table `seance`
--

INSERT INTO `seance` (`ID`, `SEMAINE`, `DATE`, `HEURE_DEBUT`, `HEURE_FIN`, `ETAT`, `ID_COURS`, `ID_TYPE`) VALUES
(1, 23, '2020-06-01', '2020-06-01 08:00:00', '2020-06-01 10:00:00', 0, 1, 1),
(2, 23, '2020-06-01', '2020-06-01 11:00:00', '2020-06-01 13:00:00', 0, 2, 1);

-- --------------------------------------------------------

--
-- Structure de la table `seance_enseignants`
--

DROP TABLE IF EXISTS `seance_enseignants`;
CREATE TABLE IF NOT EXISTS `seance_enseignants` (
  `ID_SEANCE` int(11) NOT NULL,
  `ID_ENSEIGNANT` int(11) NOT NULL,
  PRIMARY KEY (`ID_SEANCE`)
) ENGINE=MyISAM DEFAULT CHARSET=latin1;

--
-- Déchargement des données de la table `seance_enseignants`
--

INSERT INTO `seance_enseignants` (`ID_SEANCE`, `ID_ENSEIGNANT`) VALUES
(1, 1),
(2, 2);

-- --------------------------------------------------------

--
-- Structure de la table `seance_groupes`
--

DROP TABLE IF EXISTS `seance_groupes`;
CREATE TABLE IF NOT EXISTS `seance_groupes` (
  `ID_SEANCE` int(11) NOT NULL,
  `ID_GROUPE` int(11) NOT NULL,
  PRIMARY KEY (`ID_SEANCE`)
) ENGINE=MyISAM DEFAULT CHARSET=latin1;

--
-- Déchargement des données de la table `seance_groupes`
--

INSERT INTO `seance_groupes` (`ID_SEANCE`, `ID_GROUPE`) VALUES
(1, 1),
(2, 1);

-- --------------------------------------------------------

--
-- Structure de la table `seance_salles`
--

DROP TABLE IF EXISTS `seance_salles`;
CREATE TABLE IF NOT EXISTS `seance_salles` (
  `ID_SEANCE` int(11) NOT NULL,
  `ID_SALLE` int(11) NOT NULL,
  PRIMARY KEY (`ID_SEANCE`)
) ENGINE=MyISAM DEFAULT CHARSET=latin1;

--
-- Déchargement des données de la table `seance_salles`
--

INSERT INTO `seance_salles` (`ID_SEANCE`, `ID_SALLE`) VALUES
(1, 1),
(2, 1);

-- --------------------------------------------------------

--
-- Structure de la table `site`
--

DROP TABLE IF EXISTS `site`;
CREATE TABLE IF NOT EXISTS `site` (
  `ID` int(11) NOT NULL AUTO_INCREMENT,
  `NOM` text NOT NULL,
  PRIMARY KEY (`ID`)
) ENGINE=MyISAM AUTO_INCREMENT=2 DEFAULT CHARSET=latin1;

--
-- Déchargement des données de la table `site`
--

INSERT INTO `site` (`ID`, `NOM`) VALUES
(1, 'Eiffel 1');

-- --------------------------------------------------------

--
-- Structure de la table `type_cours`
--

DROP TABLE IF EXISTS `type_cours`;
CREATE TABLE IF NOT EXISTS `type_cours` (
  `ID` int(11) NOT NULL AUTO_INCREMENT,
  `NOM` text NOT NULL,
  PRIMARY KEY (`ID`)
) ENGINE=MyISAM AUTO_INCREMENT=4 DEFAULT CHARSET=latin1;

--
-- Déchargement des données de la table `type_cours`
--

INSERT INTO `type_cours` (`ID`, `NOM`) VALUES
(1, 'COURS'),
(2, 'TD'),
(3, 'EXAMEN');

-- --------------------------------------------------------

--
-- Structure de la table `utilisateur`
--

DROP TABLE IF EXISTS `utilisateur`;
CREATE TABLE IF NOT EXISTS `utilisateur` (
  `ID` int(11) NOT NULL AUTO_INCREMENT,
  `EMAIL` text NOT NULL,
  `PASSWD` text NOT NULL,
  `NOM` text NOT NULL,
  `PRENOM` text NOT NULL,
  `DROIT` int(11) NOT NULL,
  PRIMARY KEY (`ID`)
) ENGINE=MyISAM AUTO_INCREMENT=4 DEFAULT CHARSET=latin1;

--
-- Déchargement des données de la table `utilisateur`
--

INSERT INTO `utilisateur` (`ID`, `EMAIL`, `PASSWD`, `NOM`, `PRENOM`, `DROIT`) VALUES
(1, 'vivien.detournay@edu.ece.fr', 'vivien', 'DETOURNAY', 'Vivien', 4),
(2, 'fabienne.coudray@edu.ece.fr', 'fabienne', 'COUDRAY', 'Fabienne', 2),
(3, 'm.richaud@edu.ece.fr', 'm', 'RICHAUD', 'M', 3);
COMMIT;

/*!40101 SET CHARACTER_SET_CLIENT=@OLD_CHARACTER_SET_CLIENT */;
/*!40101 SET CHARACTER_SET_RESULTS=@OLD_CHARACTER_SET_RESULTS */;
/*!40101 SET COLLATION_CONNECTION=@OLD_COLLATION_CONNECTION */;
